{
  "assetsByChunkName": {
    "vendors~app-account~app-confirmation~app-order": "chunk.9afc8de4f21e8fb5c1ef.js",
    "vendors~app-account~app-checkout": "chunk.d3699dde9fa86265d675.js",
    "vendors~app-cart~app-checkout": "chunk.4037d701cf361400a74e.js",
    "admin": [
      "admin.8ad80c147a352297037a.js",
      "admin.8ad80c147a352297037a.js.map"
    ],
    "app-account": "chunk.402ce50b7438b47937ad.js",
    "app-checkout": "chunk.669acf30933cc0909d0a.js",
    "app-confirmation": "chunk.ade1bdc7178986a4663b.js",
    "checkout": [
      "checkout.9f25a05f3c33fa66841a.js",
      "checkout.9f25a05f3c33fa66841a.js.map"
    ],
    "storefront": [
      "storefront.46faa3bdff91e1910e49.css",
      "storefront.a4f6df4aa5f27b55b47e.js",
      "storefront.46faa3bdff91e1910e49.css.map",
      "storefront.a4f6df4aa5f27b55b47e.js.map"
    ],
    "vendors~app-cart": "chunk.a97541a865743b1528f8.js",
    "vendors~app-order": "chunk.735c50e28a88d26a9c8b.js"
  }
}