{
  "marketing_stripe": {
    "text": "Primeira compra? Use o cupom: PRIMEIRACOMPRA",
    "link": "/promotion",
    "background": "#f5a9c6",
    "color": "#ffffff"
  },
  "contacts_stripe": {
    "pages": [
      {
        "title": "Sobre nós",
        "link": "/pages/sobre-nos"
      },
      {
        "title": "Trocas e Devoluções",
        "link": "https://camarimconcept.netlify.app/pages/trocas"
      },
      {
        "title": "Política de Privacidade",
        "link": "https://camarimconcept.netlify.app/pages/privacidade"
      },
      {
        "title": "Formas de Pagamento",
        "link": "https://camarimconcept.netlify.app/pages/pagamentos"
      }
    ],
    "phone_wpp": true,
    "socials": true
  },
  "categories_list": {
    "featured": [
      "/lancamento?Lançamento ",
      "/blazer?Blazer e Casacos",
      "/blusas?Blusas e Body",
      "/calca?Calças",
      "/camisa?Camisas",
      "/noiva?Coleção Noiva",
      "/confort?Confort",
      "/conjunto?Conjunto",
      "/cropped?Cropped",
      "/macacao?Macacão ",
      "/moda-praia?Moda Praia",
      "/saia?Saias",
      "/shorts?Shorts",
      "/vestido?Vestidos",
      "/vestidos-festa?Vestidos Festa",
      "/sale?OUTLET"
    ],
    "random": 20,
    "full_width": true
  },
  "desktop_megamenu": true,
  "search_input": true,
  "alphabetical_order_submenu": true,
  "full_width_submenu": true
}