{
  "meta_title": "",
  "meta_description": "",
  "sections": [
    {
      "type": "banner-slider",
      "autoplay": 9000,
      "full_width": false,
      "slides": [
        {
          "start": "",
          "end": "",
          "img": "/img/uploads/2026.jpg"
        },
        {
          "img": "/img/uploads/novi2026.jpg",
          "link": "https://camarimconcept.netlify.app/lancamento",
          "alt": "",
          "start": "",
          "end": "",
          "mobile_img": ""
        },
        {
          "start": "",
          "end": "",
          "img": "/img/uploads/festa-2026.jpg",
          "alt": "",
          "mobile_img": "",
          "link": "https://camarimconcept.netlify.app/vestidos-festa"
        },
        {
          "start": "",
          "end": "",
          "img": "/img/uploads/sale-2026.jpg",
          "link": "https://camarimconcept.netlify.app/sale"
        }
      ]
    },
    {
      "type": "info-bar",
      "enabled": true
    },
    {
      "type": "brands-carousel",
      "limit": 24,
      "offset": 0
    },
    {
      "type": "collection-shelf",
      "shuffle": false,
      "limit": 12,
      "page": 1,
      "collection_id": "620517477963422eeef81d4c:categories:Lançamento :/lancamento",
      "sort": "news"
    },
    {
      "type": "collection-shelf",
      "shuffle": false,
      "limit": 12,
      "page": 1,
      "collection_id": "6309178073321213f8597071:categories:OUTLET:/sale",
      "sort": "news"
    },
    {
      "type": "collection-shelf",
      "shuffle": false,
      "limit": 12,
      "page": 1,
      "collection_id": "61f076ae7963422eeed2c0bf:categories:Conjunto:/conjunto",
      "sort": "news"
    },
    {
      "type": "collection-shelf",
      "shuffle": false,
      "limit": 12,
      "page": 1,
      "collection_id": "61f0650a7963422eeed29600:categories:Vestido:/vestido",
      "sort": "news"
    },
    {
      "type": "collection-shelf",
      "shuffle": false,
      "limit": 12,
      "page": 1,
      "collection_id": "61f19b9f7963422eeed58b84:categories:Calça:/calca",
      "sort": "news"
    },
    {
      "type": "collection-shelf",
      "shuffle": false,
      "limit": 12,
      "page": 1,
      "collection_id": "61f20b857963422eeed6b167:categories:Vestidos Festa:/vestidos-festa",
      "sort": "news"
    },
    {
      "type": "collection-shelf",
      "shuffle": false,
      "limit": 12,
      "page": 1,
      "collection_id": "61f1a1f77963422eeed5a640:categories:Cropped:/cropped",
      "sort": "news"
    }
  ]
}